date,others,served_model_name,timestamp,folder,time_s,throughput_GiB_s,task_id,concurrency,startup time_s,model,model_GiB,message,bucket,client_number,node_name,timestamp_end,memory_limit,state
2026-03-07,mi325_doks,meta-llama/Llama-3.1-70B-Instruct,2026-03-07 23:13:45.332000,models,23.98,5.5,llama_70b_vllm_model_streamer_20260307,8,130.022,Llama-3.1-70B-Instruct,131.4,Started successfully,rs-high-perf-bucket,1,rs-cai-mi325x1-pool-4ilnw,2026-03-07 23:15:55.355000,2684354560,success
2026-03-07,mi325_doks,meta-llama/Llama-3.1-70B-Instruct,2026-03-07 23:16:53.705000,models,31.32,4.2,llama_70b_vllm_model_streamer_20260307,8,135.024,Llama-3.1-70B-Instruct,131.4,Started successfully,rs-high-perf-bucket,2,rs-cai-mi325x1-pool-4ilne,2026-03-07 23:19:08.729000,2684354560,success
2026-03-07,mi325_doks,meta-llama/Llama-3.1-70B-Instruct,2026-03-07 23:16:54.031000,models,32.44,4.1,llama_70b_vllm_model_streamer_20260307,8,135.023,Llama-3.1-70B-Instruct,131.4,Started successfully,rs-high-perf-bucket,2,rs-cai-mi325x1-pool-4ilnr,2026-03-07 23:19:09.055000,2684354560,success
2026-03-07,mi325_doks,meta-llama/Llama-3.1-70B-Instruct,2026-03-07 23:20:33.257000,models,38.43,3.4,llama_70b_vllm_model_streamer_20260307,8,140.024,Llama-3.1-70B-Instruct,131.4,Started successfully,rs-high-perf-bucket,3,rs-cai-mi325x1-pool-4ilng,2026-03-07 23:22:53.281000,2684354560,success
2026-03-07,mi325_doks,meta-llama/Llama-3.1-70B-Instruct,2026-03-07 23:20:33.397000,models,38.77,3.4,llama_70b_vllm_model_streamer_20260307,8,145.026,Llama-3.1-70B-Instruct,131.4,Started successfully,rs-high-perf-bucket,3,rs-cai-mi325x1-pool-4ilnw,2026-03-07 23:22:58.423000,2684354560,success
2026-03-07,mi325_doks,meta-llama/Llama-3.1-70B-Instruct,2026-03-07 23:20:33.559000,models,36.44,3.6,llama_70b_vllm_model_streamer_20260307,8,140.025,Llama-3.1-70B-Instruct,131.4,Started successfully,rs-high-perf-bucket,3,rs-cai-mi325x1-pool-4ilnl,2026-03-07 23:22:53.584000,2684354560,success
2026-03-07,mi325_doks,meta-llama/Llama-3.1-70B-Instruct,2026-03-07 23:24:12.509000,models,40.33,3.3,llama_70b_vllm_model_streamer_20260307,8,145.025,Llama-3.1-70B-Instruct,131.4,Started successfully,rs-high-perf-bucket,4,rs-cai-mi325x1-pool-4iln6,2026-03-07 23:26:37.534000,2684354560,success
2026-03-07,mi325_doks,meta-llama/Llama-3.1-70B-Instruct,2026-03-07 23:24:12.547000,models,42.46,3.1,llama_70b_vllm_model_streamer_20260307,8,145.025,Llama-3.1-70B-Instruct,131.4,Started successfully,rs-high-perf-bucket,4,rs-cai-mi325x1-pool-4ilnb,2026-03-07 23:26:37.573000,2684354560,success
2026-03-07,mi325_doks,meta-llama/Llama-3.1-70B-Instruct,2026-03-07 23:24:12.829000,models,39.43,3.3,llama_70b_vllm_model_streamer_20260307,8,145.026,Llama-3.1-70B-Instruct,131.4,Started successfully,rs-high-perf-bucket,4,rs-cai-mi325x1-pool-4rauj,2026-03-07 23:26:37.855000,2684354560,success
2026-03-07,mi325_doks,meta-llama/Llama-3.1-70B-Instruct,2026-03-07 23:24:12.935000,models,38.34,3.4,llama_70b_vllm_model_streamer_20260307,8,140.024,Llama-3.1-70B-Instruct,131.4,Started successfully,rs-high-perf-bucket,4,rs-cai-mi325x1-pool-4ilnr,2026-03-07 23:26:32.960000,2684354560,success
2026-03-07,mi325_doks,meta-llama/Llama-3.1-70B-Instruct,2026-03-07 23:29:06.074000,models,45.78,2.9,llama_70b_vllm_model_streamer_20260307,8,150.026,Llama-3.1-70B-Instruct,131.4,Started successfully,rs-high-perf-bucket,5,rs-cai-mi325x1-pool-4ilnt,2026-03-07 23:31:36.100000,2684354560,success
2026-03-07,mi325_doks,meta-llama/Llama-3.1-70B-Instruct,2026-03-07 23:29:06.182000,models,42.65,3.1,llama_70b_vllm_model_streamer_20260307,8,145.026,Llama-3.1-70B-Instruct,131.4,Started successfully,rs-high-perf-bucket,5,rs-cai-mi325x1-pool-4ilnl,2026-03-07 23:31:31.209000,2684354560,success
2026-03-07,mi325_doks,meta-llama/Llama-3.1-70B-Instruct,2026-03-07 23:29:06.354000,models,45.88,2.9,llama_70b_vllm_model_streamer_20260307,8,150.026,Llama-3.1-70B-Instruct,131.4,Started successfully,rs-high-perf-bucket,5,rs-cai-mi325x1-pool-4ilna,2026-03-07 23:31:36.380000,2684354560,success
2026-03-07,mi325_doks,meta-llama/Llama-3.1-70B-Instruct,2026-03-07 23:29:06.498000,models,50.46,2.6,llama_70b_vllm_model_streamer_20260307,8,155.027,Llama-3.1-70B-Instruct,131.4,Started successfully,rs-high-perf-bucket,5,rs-cai-mi325x1-pool-4ilnw,2026-03-07 23:31:41.526000,2684354560,success
2026-03-07,mi325_doks,meta-llama/Llama-3.1-70B-Instruct,2026-03-07 23:29:06.506000,models,46.43,2.8,llama_70b_vllm_model_streamer_20260307,8,150.025,Llama-3.1-70B-Instruct,131.4,Started successfully,rs-high-perf-bucket,5,rs-cai-mi325x1-pool-4ilne,2026-03-07 23:31:36.532000,2684354560,success
2026-03-07,mi325_doks,meta-llama/Llama-3.1-70B-Instruct,2026-03-07 23:33:28.348000,models,47.66,2.8,llama_70b_vllm_model_streamer_20260307,8,150.027,Llama-3.1-70B-Instruct,131.4,Started successfully,rs-high-perf-bucket,6,rs-cai-mi325x1-pool-4ilnt,2026-03-07 23:35:58.374000,2684354560,success
2026-03-07,mi325_doks,meta-llama/Llama-3.1-70B-Instruct,2026-03-07 23:33:28.352000,models,49.1,2.7,llama_70b_vllm_model_streamer_20260307,8,150.026,Llama-3.1-70B-Instruct,131.4,Started successfully,rs-high-perf-bucket,6,rs-cai-mi325x1-pool-4ilne,2026-03-07 23:35:58.378000,2684354560,success
2026-03-07,mi325_doks,meta-llama/Llama-3.1-70B-Instruct,2026-03-07 23:33:28.374000,models,48.59,2.7,llama_70b_vllm_model_streamer_20260307,8,150.025,Llama-3.1-70B-Instruct,131.4,Started successfully,rs-high-perf-bucket,6,rs-cai-mi325x1-pool-4ilnb,2026-03-07 23:35:58.400000,2684354560,success
2026-03-07,mi325_doks,meta-llama/Llama-3.1-70B-Instruct,2026-03-07 23:33:28.396000,models,48.68,2.7,llama_70b_vllm_model_streamer_20260307,8,150.026,Llama-3.1-70B-Instruct,131.4,Started successfully,rs-high-perf-bucket,6,rs-cai-mi325x1-pool-4ilnw,2026-03-07 23:35:58.423000,2684354560,success
2026-03-07,mi325_doks,meta-llama/Llama-3.1-70B-Instruct,2026-03-07 23:33:28.514000,models,51.42,2.6,llama_70b_vllm_model_streamer_20260307,8,155.027,Llama-3.1-70B-Instruct,131.4,Started successfully,rs-high-perf-bucket,6,rs-cai-mi325x1-pool-4ilna,2026-03-07 23:36:03.541000,2684354560,success
2026-03-07,mi325_doks,meta-llama/Llama-3.1-70B-Instruct,2026-03-07 23:33:28.622000,models,44.61,2.9,llama_70b_vllm_model_streamer_20260307,8,150.026,Llama-3.1-70B-Instruct,131.4,Started successfully,rs-high-perf-bucket,6,rs-cai-mi325x1-pool-4iln6,2026-03-07 23:35:58.648000,2684354560,success
2026-03-07,mi325_doks,meta-llama/Llama-3.1-70B-Instruct,2026-03-07 23:38:12.292000,models,49.49,2.7,llama_70b_vllm_model_streamer_20260307,8,155.026,Llama-3.1-70B-Instruct,131.4,Started successfully,rs-high-perf-bucket,7,rs-cai-mi325x1-pool-4ilna,2026-03-07 23:40:47.319000,2684354560,success
2026-03-07,mi325_doks,meta-llama/Llama-3.1-70B-Instruct,2026-03-07 23:38:12.356000,models,54.12,2.4,llama_70b_vllm_model_streamer_20260307,8,155.028,Llama-3.1-70B-Instruct,131.4,Started successfully,rs-high-perf-bucket,7,rs-cai-mi325x1-pool-4ilnl,2026-03-07 23:40:47.383000,2684354560,success
2026-03-07,mi325_doks,meta-llama/Llama-3.1-70B-Instruct,2026-03-07 23:38:12.398000,models,47.52,2.8,llama_70b_vllm_model_streamer_20260307,8,150.027,Llama-3.1-70B-Instruct,131.4,Started successfully,rs-high-perf-bucket,7,rs-cai-mi325x1-pool-4ilnb,2026-03-07 23:40:42.426000,2684354560,success
2026-03-07,mi325_doks,meta-llama/Llama-3.1-70B-Instruct,2026-03-07 23:38:12.409000,models,53.91,2.4,llama_70b_vllm_model_streamer_20260307,8,155.026,Llama-3.1-70B-Instruct,131.4,Started successfully,rs-high-perf-bucket,7,rs-cai-mi325x1-pool-4ilnr,2026-03-07 23:40:47.435000,2684354560,success
2026-03-07,mi325_doks,meta-llama/Llama-3.1-70B-Instruct,2026-03-07 23:38:12.466000,models,53.97,2.4,llama_70b_vllm_model_streamer_20260307,8,160.026,Llama-3.1-70B-Instruct,131.4,Started successfully,rs-high-perf-bucket,7,rs-cai-mi325x1-pool-4ilnw,2026-03-07 23:40:52.493000,2684354560,success
2026-03-07,mi325_doks,meta-llama/Llama-3.1-70B-Instruct,2026-03-07 23:38:12.556000,models,45.78,2.9,llama_70b_vllm_model_streamer_20260307,8,150.024,Llama-3.1-70B-Instruct,131.4,Started successfully,rs-high-perf-bucket,7,rs-cai-mi325x1-pool-4ilne,2026-03-07 23:40:42.581000,2684354560,success
2026-03-07,mi325_doks,meta-llama/Llama-3.1-70B-Instruct,2026-03-07 23:38:12.673000,models,55.45,2.4,llama_70b_vllm_model_streamer_20260307,8,160.028,Llama-3.1-70B-Instruct,131.4,Started successfully,rs-high-perf-bucket,7,rs-cai-mi325x1-pool-4rauj,2026-03-07 23:40:52.701000,2684354560,success
2026-03-07,mi325_doks,meta-llama/Llama-3.1-70B-Instruct,2026-03-07 23:42:53.029000,models,53.51,2.5,llama_70b_vllm_model_streamer_20260307,8,155.027,Llama-3.1-70B-Instruct,131.4,Started successfully,rs-high-perf-bucket,8,rs-cai-mi325x1-pool-4rauj,2026-03-07 23:45:28.056000,2684354560,success
2026-03-07,mi325_doks,meta-llama/Llama-3.1-70B-Instruct,2026-03-07 23:42:53.033000,models,57.07,2.3,llama_70b_vllm_model_streamer_20260307,8,160.027,Llama-3.1-70B-Instruct,131.4,Started successfully,rs-high-perf-bucket,8,rs-cai-mi325x1-pool-4ilnt,2026-03-07 23:45:33.061000,2684354560,success
2026-03-07,mi325_doks,meta-llama/Llama-3.1-70B-Instruct,2026-03-07 23:42:53.040000,models,51.6,2.5,llama_70b_vllm_model_streamer_20260307,8,155.027,Llama-3.1-70B-Instruct,131.4,Started successfully,rs-high-perf-bucket,8,rs-cai-mi325x1-pool-4ilna,2026-03-07 23:45:28.068000,2684354560,success
2026-03-07,mi325_doks,meta-llama/Llama-3.1-70B-Instruct,2026-03-07 23:42:53.044000,models,56.7,2.3,llama_70b_vllm_model_streamer_20260307,8,160.034,Llama-3.1-70B-Instruct,131.4,Started successfully,rs-high-perf-bucket,8,rs-cai-mi325x1-pool-4ilnl,2026-03-07 23:45:33.078000,2684354560,success
2026-03-07,mi325_doks,meta-llama/Llama-3.1-70B-Instruct,2026-03-07 23:42:53.051000,models,53.81,2.4,llama_70b_vllm_model_streamer_20260307,8,160.028,Llama-3.1-70B-Instruct,131.4,Started successfully,rs-high-perf-bucket,8,rs-cai-mi325x1-pool-4iln6,2026-03-07 23:45:33.079000,2684354560,success
2026-03-07,mi325_doks,meta-llama/Llama-3.1-70B-Instruct,2026-03-07 23:42:53.170000,models,55.78,2.4,llama_70b_vllm_model_streamer_20260307,8,160.03,Llama-3.1-70B-Instruct,131.4,Started successfully,rs-high-perf-bucket,8,rs-cai-mi325x1-pool-4ilne,2026-03-07 23:45:33.200000,2684354560,success
2026-03-07,mi325_doks,meta-llama/Llama-3.1-70B-Instruct,2026-03-07 23:42:53.304000,models,54.65,2.4,llama_70b_vllm_model_streamer_20260307,8,160.026,Llama-3.1-70B-Instruct,131.4,Started successfully,rs-high-perf-bucket,8,rs-cai-mi325x1-pool-4ilnb,2026-03-07 23:45:33.330000,2684354560,success
2026-03-07,mi325_doks,meta-llama/Llama-3.1-70B-Instruct,2026-03-07 23:42:53.460000,models,52.39,2.5,llama_70b_vllm_model_streamer_20260307,8,155.027,Llama-3.1-70B-Instruct,131.4,Started successfully,rs-high-perf-bucket,8,rs-cai-mi325x1-pool-4ilnw,2026-03-07 23:45:28.487000,2684354560,success
2026-03-07,mi325_doks,meta-llama/Llama-3.1-70B-Instruct,2026-03-07 23:47:17.845000,models,57.45,2.3,llama_70b_vllm_model_streamer_20260307,8,160.028,Llama-3.1-70B-Instruct,131.4,Started successfully,rs-high-perf-bucket,9,rs-cai-mi325x1-pool-4ilnl,2026-03-07 23:49:57.873000,2684354560,success
2026-03-07,mi325_doks,meta-llama/Llama-3.1-70B-Instruct,2026-03-07 23:47:17.868000,models,59.7,2.2,llama_70b_vllm_model_streamer_20260307,8,165.028,Llama-3.1-70B-Instruct,131.4,Started successfully,rs-high-perf-bucket,9,rs-cai-mi325x1-pool-4ilne,2026-03-07 23:50:02.897000,2684354560,success
2026-03-07,mi325_doks,meta-llama/Llama-3.1-70B-Instruct,2026-03-07 23:47:17.889000,models,57.68,2.3,llama_70b_vllm_model_streamer_20260307,8,160.027,Llama-3.1-70B-Instruct,131.4,Started successfully,rs-high-perf-bucket,9,rs-cai-mi325x1-pool-4ilnr,2026-03-07 23:49:57.916000,2684354560,success
2026-03-07,mi325_doks,meta-llama/Llama-3.1-70B-Instruct,2026-03-07 23:47:17.951000,models,52.8,2.5,llama_70b_vllm_model_streamer_20260307,8,155.027,Llama-3.1-70B-Instruct,131.4,Started successfully,rs-high-perf-bucket,9,rs-cai-mi325x1-pool-4ilnt,2026-03-07 23:49:52.978000,2684354560,success
2026-03-07,mi325_doks,meta-llama/Llama-3.1-70B-Instruct,2026-03-07 23:47:17.954000,models,58.49,2.2,llama_70b_vllm_model_streamer_20260307,8,160.027,Llama-3.1-70B-Instruct,131.4,Started successfully,rs-high-perf-bucket,9,rs-cai-mi325x1-pool-4ilng,2026-03-07 23:49:57.982000,2684354560,success
2026-03-07,mi325_doks,meta-llama/Llama-3.1-70B-Instruct,2026-03-07 23:47:17.975000,models,56.41,2.3,llama_70b_vllm_model_streamer_20260307,8,160.028,Llama-3.1-70B-Instruct,131.4,Started successfully,rs-high-perf-bucket,9,rs-cai-mi325x1-pool-4rauj,2026-03-07 23:49:58.003000,2684354560,success
2026-03-07,mi325_doks,meta-llama/Llama-3.1-70B-Instruct,2026-03-07 23:47:17.982000,models,54.4,2.4,llama_70b_vllm_model_streamer_20260307,8,160.027,Llama-3.1-70B-Instruct,131.4,Started successfully,rs-high-perf-bucket,9,rs-cai-mi325x1-pool-4ilna,2026-03-07 23:49:58.009000,2684354560,success
2026-03-07,mi325_doks,meta-llama/Llama-3.1-70B-Instruct,2026-03-07 23:47:18.139000,models,58.83,2.2,llama_70b_vllm_model_streamer_20260307,8,165.028,Llama-3.1-70B-Instruct,131.4,Started successfully,rs-high-perf-bucket,9,rs-cai-mi325x1-pool-4ilnw,2026-03-07 23:50:03.167000,2684354560,success
2026-03-07,mi325_doks,meta-llama/Llama-3.1-70B-Instruct,2026-03-07 23:47:18.149000,models,55.87,2.4,llama_70b_vllm_model_streamer_20260307,8,160.027,Llama-3.1-70B-Instruct,131.4,Started successfully,rs-high-perf-bucket,9,rs-cai-mi325x1-pool-4ilnb,2026-03-07 23:49:58.176000,2684354560,success
2026-03-07,mi325_doks,meta-llama/Llama-3.1-70B-Instruct,2026-03-07 23:56:48.564000,models,58.93,2.2,llama_70b_vllm_model_streamer_20260307,8,165.028,Llama-3.1-70B-Instruct,131.4,Started successfully,rs-high-perf-bucket,10,rs-cai-mi325x1-pool-4ilne,2026-03-07 23:59:33.593000,2684354560,success
2026-03-07,mi325_doks,meta-llama/Llama-3.1-70B-Instruct,2026-03-07 23:56:48.586000,models,59.34,2.2,llama_70b_vllm_model_streamer_20260307,8,165.029,Llama-3.1-70B-Instruct,131.4,Started successfully,rs-high-perf-bucket,10,rs-cai-mi325x1-pool-4ilnw,2026-03-07 23:59:33.616000,2684354560,success
2026-03-07,mi325_doks,meta-llama/Llama-3.1-70B-Instruct,2026-03-07 23:56:48.589000,models,59.25,2.2,llama_70b_vllm_model_streamer_20260307,8,165.031,Llama-3.1-70B-Instruct,131.4,Started successfully,rs-high-perf-bucket,10,rs-cai-mi325x1-pool-4v7gl,2026-03-07 23:59:33.620000,2684354560,success
2026-03-07,mi325_doks,meta-llama/Llama-3.1-70B-Instruct,2026-03-07 23:56:48.633000,models,60.2,2.2,llama_70b_vllm_model_streamer_20260307,8,165.029,Llama-3.1-70B-Instruct,131.4,Started successfully,rs-high-perf-bucket,10,rs-cai-mi325x1-pool-4ilnl,2026-03-07 23:59:33.662000,2684354560,success
2026-03-07,mi325_doks,meta-llama/Llama-3.1-70B-Instruct,2026-03-07 23:56:48.707000,models,55.75,2.4,llama_70b_vllm_model_streamer_20260307,8,160.027,Llama-3.1-70B-Instruct,131.4,Started successfully,rs-high-perf-bucket,10,rs-cai-mi325x1-pool-4ilnb,2026-03-07 23:59:28.734000,2684354560,success
2026-03-07,mi325_doks,meta-llama/Llama-3.1-70B-Instruct,2026-03-07 23:56:48.739000,models,58.57,2.2,llama_70b_vllm_model_streamer_20260307,8,160.027,Llama-3.1-70B-Instruct,131.4,Started successfully,rs-high-perf-bucket,10,rs-cai-mi325x1-pool-4ilna,2026-03-07 23:59:28.766000,2684354560,success
2026-03-07,mi325_doks,meta-llama/Llama-3.1-70B-Instruct,2026-03-07 23:56:48.845000,models,57.96,2.3,llama_70b_vllm_model_streamer_20260307,8,160.028,Llama-3.1-70B-Instruct,131.4,Started successfully,rs-high-perf-bucket,10,rs-cai-mi325x1-pool-4v7g2,2026-03-07 23:59:28.873000,2684354560,success
2026-03-07,mi325_doks,meta-llama/Llama-3.1-70B-Instruct,2026-03-07 23:56:48.865000,models,55.62,2.4,llama_70b_vllm_model_streamer_20260307,8,160.027,Llama-3.1-70B-Instruct,131.4,Started successfully,rs-high-perf-bucket,10,rs-cai-mi325x1-pool-4rauj,2026-03-07 23:59:28.892000,2684354560,success
2026-03-07,mi325_doks,meta-llama/Llama-3.1-70B-Instruct,2026-03-07 23:56:49.006000,models,59.36,2.2,llama_70b_vllm_model_streamer_20260307,8,165.028,Llama-3.1-70B-Instruct,131.4,Started successfully,rs-high-perf-bucket,10,rs-cai-mi325x1-pool-4ilng,2026-03-07 23:59:34.035000,2684354560,success
2026-03-07,mi325_doks,meta-llama/Llama-3.1-70B-Instruct,2026-03-07 23:56:49.148000,models,55.03,2.4,llama_70b_vllm_model_streamer_20260307,8,160.028,Llama-3.1-70B-Instruct,131.4,Started successfully,rs-high-perf-bucket,10,rs-cai-mi325x1-pool-4v7g6,2026-03-07 23:59:29.177000,2684354560,success
2026-03-07,mi325_doks,meta-llama/Llama-3.1-70B-Instruct,2026-03-08 00:01:05.677000,models,63.66,2.1,llama_70b_vllm_model_streamer_20260307,8,165.027,Llama-3.1-70B-Instruct,131.4,Started successfully,rs-high-perf-bucket,11,rs-cai-mi325x1-pool-4v7gs,2026-03-08 00:03:50.704000,2684354560,success
2026-03-07,mi325_doks,meta-llama/Llama-3.1-70B-Instruct,2026-03-08 00:01:05.679000,models,64.09,2.1,llama_70b_vllm_model_streamer_20260307,8,165.028,Llama-3.1-70B-Instruct,131.4,Started successfully,rs-high-perf-bucket,11,rs-cai-mi325x1-pool-4ilne,2026-03-08 00:03:50.707000,2684354560,success
2026-03-07,mi325_doks,meta-llama/Llama-3.1-70B-Instruct,2026-03-08 00:01:05.730000,models,68.05,1.9,llama_70b_vllm_model_streamer_20260307,8,170.031,Llama-3.1-70B-Instruct,131.4,Started successfully,rs-high-perf-bucket,11,rs-cai-mi325x1-pool-4iln6,2026-03-08 00:03:55.761000,2684354560,success
2026-03-07,mi325_doks,meta-llama/Llama-3.1-70B-Instruct,2026-03-08 00:01:05.781000,models,60.65,2.2,llama_70b_vllm_model_streamer_20260307,8,165.028,Llama-3.1-70B-Instruct,131.4,Started successfully,rs-high-perf-bucket,11,rs-cai-mi325x1-pool-4v7gt,2026-03-08 00:03:50.810000,2684354560,success
2026-03-07,mi325_doks,meta-llama/Llama-3.1-70B-Instruct,2026-03-08 00:01:05.796000,models,62.4,2.1,llama_70b_vllm_model_streamer_20260307,8,165.03,Llama-3.1-70B-Instruct,131.4,Started successfully,rs-high-perf-bucket,11,rs-cai-mi325x1-pool-4v7gl,2026-03-08 00:03:50.826000,2684354560,success
2026-03-07,mi325_doks,meta-llama/Llama-3.1-70B-Instruct,2026-03-08 00:01:05.813000,models,65.25,2.0,llama_70b_vllm_model_streamer_20260307,8,170.03,Llama-3.1-70B-Instruct,131.4,Started successfully,rs-high-perf-bucket,11,rs-cai-mi325x1-pool-4ilnw,2026-03-08 00:03:55.843000,2684354560,success
2026-03-07,mi325_doks,meta-llama/Llama-3.1-70B-Instruct,2026-03-08 00:01:05.824000,models,60.95,2.2,llama_70b_vllm_model_streamer_20260307,8,165.03,Llama-3.1-70B-Instruct,131.4,Started successfully,rs-high-perf-bucket,11,rs-cai-mi325x1-pool-4ilnl,2026-03-08 00:03:50.854000,2684354560,success
2026-03-07,mi325_doks,meta-llama/Llama-3.1-70B-Instruct,2026-03-08 00:01:05.848000,models,59.03,2.2,llama_70b_vllm_model_streamer_20260307,8,160.026,Llama-3.1-70B-Instruct,131.4,Started successfully,rs-high-perf-bucket,11,rs-cai-mi325x1-pool-4ilna,2026-03-08 00:03:45.875000,2684354560,success
2026-03-07,mi325_doks,meta-llama/Llama-3.1-70B-Instruct,2026-03-08 00:01:05.893000,models,68.1,1.9,llama_70b_vllm_model_streamer_20260307,8,170.028,Llama-3.1-70B-Instruct,131.4,Started successfully,rs-high-perf-bucket,11,rs-cai-mi325x1-pool-4ilnr,2026-03-08 00:03:55.922000,2684354560,success
2026-03-07,mi325_doks,meta-llama/Llama-3.1-70B-Instruct,2026-03-08 00:01:05.950000,models,60.11,2.2,llama_70b_vllm_model_streamer_20260307,8,165.031,Llama-3.1-70B-Instruct,131.4,Started successfully,rs-high-perf-bucket,11,rs-cai-mi325x1-pool-4rauj,2026-03-08 00:03:50.982000,2684354560,success
2026-03-07,mi325_doks,meta-llama/Llama-3.1-70B-Instruct,2026-03-08 00:01:06.098000,models,67.21,2.0,llama_70b_vllm_model_streamer_20260307,8,170.028,Llama-3.1-70B-Instruct,131.4,Started successfully,rs-high-perf-bucket,11,rs-cai-mi325x1-pool-4ilnt,2026-03-08 00:03:56.126000,2684354560,success
2026-03-07,mi325_doks,meta-llama/Llama-3.1-70B-Instruct,2026-03-08 00:05:25.175000,models,65.39,2.0,llama_70b_vllm_model_streamer_20260307,8,170.03,Llama-3.1-70B-Instruct,131.4,Started successfully,rs-high-perf-bucket,12,rs-cai-mi325x1-pool-4v7gp,2026-03-08 00:08:15.205000,2684354560,success
2026-03-07,mi325_doks,meta-llama/Llama-3.1-70B-Instruct,2026-03-08 00:05:25.191000,models,62.24,2.1,llama_70b_vllm_model_streamer_20260307,8,165.027,Llama-3.1-70B-Instruct,131.4,Started successfully,rs-high-perf-bucket,12,rs-cai-mi325x1-pool-4ilnr,2026-03-08 00:08:10.219000,2684354560,success
2026-03-07,mi325_doks,meta-llama/Llama-3.1-70B-Instruct,2026-03-08 00:05:25.300000,models,59.68,2.2,llama_70b_vllm_model_streamer_20260307,8,165.031,Llama-3.1-70B-Instruct,131.4,Started successfully,rs-high-perf-bucket,12,rs-cai-mi325x1-pool-4ilnw,2026-03-08 00:08:10.332000,2684354560,success
2026-03-07,mi325_doks,meta-llama/Llama-3.1-70B-Instruct,2026-03-08 00:05:25.334000,models,61.36,2.1,llama_70b_vllm_model_streamer_20260307,8,165.028,Llama-3.1-70B-Instruct,131.4,Started successfully,rs-high-perf-bucket,12,rs-cai-mi325x1-pool-4rauj,2026-03-08 00:08:10.361000,2684354560,success
2026-03-07,mi325_doks,meta-llama/Llama-3.1-70B-Instruct,2026-03-08 00:05:25.339000,models,61.16,2.1,llama_70b_vllm_model_streamer_20260307,8,165.029,Llama-3.1-70B-Instruct,131.4,Started successfully,rs-high-perf-bucket,12,rs-cai-mi325x1-pool-4iln6,2026-03-08 00:08:10.368000,2684354560,success
2026-03-07,mi325_doks,meta-llama/Llama-3.1-70B-Instruct,2026-03-08 00:05:25.355000,models,66.03,2.0,llama_70b_vllm_model_streamer_20260307,8,170.031,Llama-3.1-70B-Instruct,131.4,Started successfully,rs-high-perf-bucket,12,rs-cai-mi325x1-pool-4v7gt,2026-03-08 00:08:15.387000,2684354560,success
2026-03-07,mi325_doks,meta-llama/Llama-3.1-70B-Instruct,2026-03-08 00:05:25.407000,models,62.91,2.1,llama_70b_vllm_model_streamer_20260307,8,165.028,Llama-3.1-70B-Instruct,131.4,Started successfully,rs-high-perf-bucket,12,rs-cai-mi325x1-pool-4ilne,2026-03-08 00:08:10.435000,2684354560,success
2026-03-07,mi325_doks,meta-llama/Llama-3.1-70B-Instruct,2026-03-08 00:05:25.472000,models,63.13,2.1,llama_70b_vllm_model_streamer_20260307,8,165.029,Llama-3.1-70B-Instruct,131.4,Started successfully,rs-high-perf-bucket,12,rs-cai-mi325x1-pool-4ilnt,2026-03-08 00:08:10.501000,2684354560,success
2026-03-07,mi325_doks,meta-llama/Llama-3.1-70B-Instruct,2026-03-08 00:05:25.475000,models,63.56,2.1,llama_70b_vllm_model_streamer_20260307,8,165.028,Llama-3.1-70B-Instruct,131.4,Started successfully,rs-high-perf-bucket,12,rs-cai-mi325x1-pool-4v7g2,2026-03-08 00:08:10.504000,2684354560,success
2026-03-07,mi325_doks,meta-llama/Llama-3.1-70B-Instruct,2026-03-08 00:05:25.476000,models,65.0,2.0,llama_70b_vllm_model_streamer_20260307,8,170.028,Llama-3.1-70B-Instruct,131.4,Started successfully,rs-high-perf-bucket,12,rs-cai-mi325x1-pool-4ilng,2026-03-08 00:08:15.505000,2684354560,success
2026-03-07,mi325_doks,meta-llama/Llama-3.1-70B-Instruct,2026-03-08 00:05:25.484000,models,63.28,2.1,llama_70b_vllm_model_streamer_20260307,8,165.028,Llama-3.1-70B-Instruct,131.4,Started successfully,rs-high-perf-bucket,12,rs-cai-mi325x1-pool-4ilnl,2026-03-08 00:08:10.513000,2684354560,success
2026-03-07,mi325_doks,meta-llama/Llama-3.1-70B-Instruct,2026-03-08 00:05:25.630000,models,59.82,2.2,llama_70b_vllm_model_streamer_20260307,8,165.028,Llama-3.1-70B-Instruct,131.4,Started successfully,rs-high-perf-bucket,12,rs-cai-mi325x1-pool-4v7g6,2026-03-08 00:08:10.658000,2684354560,success
2026-03-07,mi325_doks,meta-llama/Llama-3.1-70B-Instruct,2026-03-08 00:09:39.508000,models,60.47,2.2,llama_70b_vllm_model_streamer_20260307,8,165.029,Llama-3.1-70B-Instruct,131.4,Started successfully,rs-high-perf-bucket,13,rs-cai-mi325x1-pool-4ilnt,2026-03-08 00:12:24.538000,2684354560,success
2026-03-07,mi325_doks,meta-llama/Llama-3.1-70B-Instruct,2026-03-08 00:09:39.514000,models,62.86,2.1,llama_70b_vllm_model_streamer_20260307,8,165.028,Llama-3.1-70B-Instruct,131.4,Started successfully,rs-high-perf-bucket,13,rs-cai-mi325x1-pool-4v7g2,2026-03-08 00:12:24.543000,2684354560,success
2026-03-07,mi325_doks,meta-llama/Llama-3.1-70B-Instruct,2026-03-08 00:09:39.520000,models,65.21,2.0,llama_70b_vllm_model_streamer_20260307,8,170.029,Llama-3.1-70B-Instruct,131.4,Started successfully,rs-high-perf-bucket,13,rs-cai-mi325x1-pool-4v7gp,2026-03-08 00:12:29.549000,2684354560,success
2026-03-07,mi325_doks,meta-llama/Llama-3.1-70B-Instruct,2026-03-08 00:09:39.523000,models,64.07,2.1,llama_70b_vllm_model_streamer_20260307,8,170.031,Llama-3.1-70B-Instruct,131.4,Started successfully,rs-high-perf-bucket,13,rs-cai-mi325x1-pool-4iln6,2026-03-08 00:12:29.554000,2684354560,success
2026-03-07,mi325_doks,meta-llama/Llama-3.1-70B-Instruct,2026-03-08 00:09:39.526000,models,65.0,2.0,llama_70b_vllm_model_streamer_20260307,8,170.029,Llama-3.1-70B-Instruct,131.4,Started successfully,rs-high-perf-bucket,13,rs-cai-mi325x1-pool-4v7g6,2026-03-08 00:12:29.555000,2684354560,success
2026-03-07,mi325_doks,meta-llama/Llama-3.1-70B-Instruct,2026-03-08 00:09:39.528000,models,61.93,2.1,llama_70b_vllm_model_streamer_20260307,8,165.028,Llama-3.1-70B-Instruct,131.4,Started successfully,rs-high-perf-bucket,13,rs-cai-mi325x1-pool-4ilna,2026-03-08 00:12:24.556000,2684354560,success
2026-03-07,mi325_doks,meta-llama/Llama-3.1-70B-Instruct,2026-03-08 00:09:39.528000,models,66.63,2.0,llama_70b_vllm_model_streamer_20260307,8,170.029,Llama-3.1-70B-Instruct,131.4,Started successfully,rs-high-perf-bucket,13,rs-cai-mi325x1-pool-4ilnb,2026-03-08 00:12:29.557000,2684354560,success
2026-03-07,mi325_doks,meta-llama/Llama-3.1-70B-Instruct,2026-03-08 00:09:39.654000,models,64.46,2.0,llama_70b_vllm_model_streamer_20260307,8,170.032,Llama-3.1-70B-Instruct,131.4,Started successfully,rs-high-perf-bucket,13,rs-cai-mi325x1-pool-4rauj,2026-03-08 00:12:29.687000,2684354560,success
2026-03-07,mi325_doks,meta-llama/Llama-3.1-70B-Instruct,2026-03-08 00:09:39.685000,models,64.66,2.0,llama_70b_vllm_model_streamer_20260307,8,170.031,Llama-3.1-70B-Instruct,131.4,Started successfully,rs-high-perf-bucket,13,rs-cai-mi325x1-pool-4v7gl,2026-03-08 00:12:29.716000,2684354560,success
2026-03-07,mi325_doks,meta-llama/Llama-3.1-70B-Instruct,2026-03-08 00:09:39.859000,models,68.47,1.9,llama_70b_vllm_model_streamer_20260307,8,170.029,Llama-3.1-70B-Instruct,131.4,Started successfully,rs-high-perf-bucket,13,rs-cai-mi325x1-pool-4ilnr,2026-03-08 00:12:29.888000,2684354560,success
2026-03-07,mi325_doks,meta-llama/Llama-3.1-70B-Instruct,2026-03-08 00:09:39.929000,models,66.77,2.0,llama_70b_vllm_model_streamer_20260307,8,170.028,Llama-3.1-70B-Instruct,131.4,Started successfully,rs-high-perf-bucket,13,rs-cai-mi325x1-pool-4v7gt,2026-03-08 00:12:29.958000,2684354560,success
2026-03-07,mi325_doks,meta-llama/Llama-3.1-70B-Instruct,2026-03-08 00:09:39.948000,models,58.94,2.2,llama_70b_vllm_model_streamer_20260307,8,160.027,Llama-3.1-70B-Instruct,131.4,Started successfully,rs-high-perf-bucket,13,rs-cai-mi325x1-pool-4ilng,2026-03-08 00:12:19.976000,2684354560,success
2026-03-07,mi325_doks,meta-llama/Llama-3.1-70B-Instruct,2026-03-08 00:09:39.966000,models,68.09,1.9,llama_70b_vllm_model_streamer_20260307,8,170.03,Llama-3.1-70B-Instruct,131.4,Started successfully,rs-high-perf-bucket,13,rs-cai-mi325x1-pool-4ilnw,2026-03-08 00:12:29.996000,2684354560,success
2026-03-07,mi325_doks,meta-llama/Llama-3.1-70B-Instruct,2026-03-08 00:14:39.975000,models,62.02,2.1,llama_70b_vllm_model_streamer_20260307,8,165.028,Llama-3.1-70B-Instruct,131.4,Started successfully,rs-high-perf-bucket,14,rs-cai-mi325x1-pool-4ilna,2026-03-08 00:17:25.003000,2684354560,success
2026-03-07,mi325_doks,meta-llama/Llama-3.1-70B-Instruct,2026-03-08 00:14:39.992000,models,67.9,1.9,llama_70b_vllm_model_streamer_20260307,8,170.032,Llama-3.1-70B-Instruct,131.4,Started successfully,rs-high-perf-bucket,14,rs-cai-mi325x1-pool-4iln6,2026-03-08 00:17:30.024000,2684354560,success
2026-03-07,mi325_doks,meta-llama/Llama-3.1-70B-Instruct,2026-03-08 00:14:40.016000,models,69.34,1.9,llama_70b_vllm_model_streamer_20260307,8,175.033,Llama-3.1-70B-Instruct,131.4,Started successfully,rs-high-perf-bucket,14,rs-cai-mi325x1-pool-4rauj,2026-03-08 00:17:35.049000,2684354560,success
2026-03-07,mi325_doks,meta-llama/Llama-3.1-70B-Instruct,2026-03-08 00:14:40.019000,models,69.15,1.9,llama_70b_vllm_model_streamer_20260307,8,170.033,Llama-3.1-70B-Instruct,131.4,Started successfully,rs-high-perf-bucket,14,rs-cai-mi325x1-pool-4ilnr,2026-03-08 00:17:30.053000,2684354560,success
2026-03-07,mi325_doks,meta-llama/Llama-3.1-70B-Instruct,2026-03-08 00:14:40.128000,models,64.61,2.0,llama_70b_vllm_model_streamer_20260307,8,170.029,Llama-3.1-70B-Instruct,131.4,Started successfully,rs-high-perf-bucket,14,rs-cai-mi325x1-pool-4v7g2,2026-03-08 00:17:30.157000,2684354560,success
2026-03-07,mi325_doks,meta-llama/Llama-3.1-70B-Instruct,2026-03-08 00:14:40.150000,models,65.67,2.0,llama_70b_vllm_model_streamer_20260307,8,170.029,Llama-3.1-70B-Instruct,131.4,Started successfully,rs-high-perf-bucket,14,rs-cai-mi325x1-pool-4v7gl,2026-03-08 00:17:30.179000,2684354560,success
2026-03-07,mi325_doks,meta-llama/Llama-3.1-70B-Instruct,2026-03-08 00:14:40.162000,models,70.24,1.9,llama_70b_vllm_model_streamer_20260307,8,175.031,Llama-3.1-70B-Instruct,131.4,Started successfully,rs-high-perf-bucket,14,rs-cai-mi325x1-pool-4v7gp,2026-03-08 00:17:35.194000,2684354560,success
2026-03-07,mi325_doks,meta-llama/Llama-3.1-70B-Instruct,2026-03-08 00:14:40.165000,models,69.57,1.9,llama_70b_vllm_model_streamer_20260307,8,175.03,Llama-3.1-70B-Instruct,131.4,Started successfully,rs-high-perf-bucket,14,rs-cai-mi325x1-pool-4ilng,2026-03-08 00:17:35.195000,2684354560,success
2026-03-07,mi325_doks,meta-llama/Llama-3.1-70B-Instruct,2026-03-08 00:14:40.178000,models,67.35,2.0,llama_70b_vllm_model_streamer_20260307,8,170.028,Llama-3.1-70B-Instruct,131.4,Started successfully,rs-high-perf-bucket,14,rs-cai-mi325x1-pool-4ilnl,2026-03-08 00:17:30.207000,2684354560,success
2026-03-07,mi325_doks,meta-llama/Llama-3.1-70B-Instruct,2026-03-08 00:14:40.287000,models,68.12,1.9,llama_70b_vllm_model_streamer_20260307,8,175.03,Llama-3.1-70B-Instruct,131.4,Started successfully,rs-high-perf-bucket,14,rs-cai-mi325x1-pool-4ilnw,2026-03-08 00:17:35.318000,2684354560,success
2026-03-07,mi325_doks,meta-llama/Llama-3.1-70B-Instruct,2026-03-08 00:14:40.297000,models,71.28,1.8,llama_70b_vllm_model_streamer_20260307,8,175.029,Llama-3.1-70B-Instruct,131.4,Started successfully,rs-high-perf-bucket,14,rs-cai-mi325x1-pool-4v7gt,2026-03-08 00:17:35.326000,2684354560,success
2026-03-07,mi325_doks,meta-llama/Llama-3.1-70B-Instruct,2026-03-08 00:14:40.317000,models,70.36,1.9,llama_70b_vllm_model_streamer_20260307,8,175.033,Llama-3.1-70B-Instruct,131.4,Started successfully,rs-high-perf-bucket,14,rs-cai-mi325x1-pool-4ilnt,2026-03-08 00:17:35.349000,2684354560,success
2026-03-07,mi325_doks,meta-llama/Llama-3.1-70B-Instruct,2026-03-08 00:14:40.467000,models,72.61,1.8,llama_70b_vllm_model_streamer_20260307,8,175.031,Llama-3.1-70B-Instruct,131.4,Started successfully,rs-high-perf-bucket,14,rs-cai-mi325x1-pool-4v7gs,2026-03-08 00:17:35.499000,2684354560,success
2026-03-07,mi325_doks,meta-llama/Llama-3.1-70B-Instruct,2026-03-08 00:14:40.610000,models,70.24,1.9,llama_70b_vllm_model_streamer_20260307,8,175.03,Llama-3.1-70B-Instruct,131.4,Started successfully,rs-high-perf-bucket,14,rs-cai-mi325x1-pool-4ilne,2026-03-08 00:17:35.641000,2684354560,success
2026-03-07,mi325_doks,meta-llama/Llama-3.1-70B-Instruct,2026-03-08 00:19:36.257000,models,71.37,1.8,llama_70b_vllm_model_streamer_20260307,8,175.032,Llama-3.1-70B-Instruct,131.4,Started successfully,rs-high-perf-bucket,15,rs-cai-mi325x1-pool-4rauj,2026-03-08 00:22:31.289000,2684354560,success
2026-03-07,mi325_doks,meta-llama/Llama-3.1-70B-Instruct,2026-03-08 00:19:36.278000,models,69.51,1.9,llama_70b_vllm_model_streamer_20260307,8,175.03,Llama-3.1-70B-Instruct,131.4,Started successfully,rs-high-perf-bucket,15,rs-cai-mi325x1-pool-4ilnr,2026-03-08 00:22:31.308000,2684354560,success
2026-03-07,mi325_doks,meta-llama/Llama-3.1-70B-Instruct,2026-03-08 00:19:36.279000,models,71.25,1.8,llama_70b_vllm_model_streamer_20260307,8,175.031,Llama-3.1-70B-Instruct,131.4,Started successfully,rs-high-perf-bucket,15,rs-cai-mi325x1-pool-4iln6,2026-03-08 00:22:31.310000,2684354560,success
2026-03-07,mi325_doks,meta-llama/Llama-3.1-70B-Instruct,2026-03-08 00:19:36.284000,models,68.89,1.9,llama_70b_vllm_model_streamer_20260307,8,170.03,Llama-3.1-70B-Instruct,131.4,Started successfully,rs-high-perf-bucket,15,rs-cai-mi325x1-pool-4v7g2,2026-03-08 00:22:26.315000,2684354560,success
2026-03-07,mi325_doks,meta-llama/Llama-3.1-70B-Instruct,2026-03-08 00:19:36.299000,models,67.96,1.9,llama_70b_vllm_model_streamer_20260307,8,170.03,Llama-3.1-70B-Instruct,131.4,Started successfully,rs-high-perf-bucket,15,rs-cai-mi325x1-pool-4ilnt,2026-03-08 00:22:26.329000,2684354560,success
2026-03-07,mi325_doks,meta-llama/Llama-3.1-70B-Instruct,2026-03-08 00:19:36.321000,models,68.83,1.9,llama_70b_vllm_model_streamer_20260307,8,170.027,Llama-3.1-70B-Instruct,131.4,Started successfully,rs-high-perf-bucket,15,rs-cai-mi325x1-pool-4ilnb,2026-03-08 00:22:26.349000,2684354560,success
2026-03-07,mi325_doks,meta-llama/Llama-3.1-70B-Instruct,2026-03-08 00:19:36.321000,models,68.99,1.9,llama_70b_vllm_model_streamer_20260307,8,170.029,Llama-3.1-70B-Instruct,131.4,Started successfully,rs-high-perf-bucket,15,rs-cai-mi325x1-pool-4v7g6,2026-03-08 00:22:26.350000,2684354560,success
2026-03-07,mi325_doks,meta-llama/Llama-3.1-70B-Instruct,2026-03-08 00:19:36.340000,models,71.81,1.8,llama_70b_vllm_model_streamer_20260307,8,175.034,Llama-3.1-70B-Instruct,131.4,Started successfully,rs-high-perf-bucket,15,rs-cai-mi325x1-pool-4ilnw,2026-03-08 00:22:31.374000,2684354560,success
2026-03-07,mi325_doks,meta-llama/Llama-3.1-70B-Instruct,2026-03-08 00:19:36.405000,models,72.82,1.8,llama_70b_vllm_model_streamer_20260307,8,175.032,Llama-3.1-70B-Instruct,131.4,Started successfully,rs-high-perf-bucket,15,rs-cai-mi325x1-pool-4v7gl,2026-03-08 00:22:31.438000,2684354560,success
2026-03-07,mi325_doks,meta-llama/Llama-3.1-70B-Instruct,2026-03-08 00:19:36.449000,models,71.32,1.8,llama_70b_vllm_model_streamer_20260307,8,175.032,Llama-3.1-70B-Instruct,131.4,Started successfully,rs-high-perf-bucket,15,rs-cai-mi325x1-pool-4v7gp,2026-03-08 00:22:31.481000,2684354560,success
2026-03-07,mi325_doks,meta-llama/Llama-3.1-70B-Instruct,2026-03-08 00:19:36.465000,models,68.84,1.9,llama_70b_vllm_model_streamer_20260307,8,170.029,Llama-3.1-70B-Instruct,131.4,Started successfully,rs-high-perf-bucket,15,rs-cai-mi325x1-pool-4ilne,2026-03-08 00:22:26.495000,2684354560,success
2026-03-07,mi325_doks,meta-llama/Llama-3.1-70B-Instruct,2026-03-08 00:19:36.591000,models,69.94,1.9,llama_70b_vllm_model_streamer_20260307,8,175.03,Llama-3.1-70B-Instruct,131.4,Started successfully,rs-high-perf-bucket,15,rs-cai-mi325x1-pool-4v7gs,2026-03-08 00:22:31.621000,2684354560,success
2026-03-07,mi325_doks,meta-llama/Llama-3.1-70B-Instruct,2026-03-08 00:19:36.701000,models,69.93,1.9,llama_70b_vllm_model_streamer_20260307,8,175.03,Llama-3.1-70B-Instruct,131.4,Started successfully,rs-high-perf-bucket,15,rs-cai-mi325x1-pool-4v7gt,2026-03-08 00:22:31.731000,2684354560,success
2026-03-07,mi325_doks,meta-llama/Llama-3.1-70B-Instruct,2026-03-08 00:19:37.222000,models,69.65,1.9,llama_70b_vllm_model_streamer_20260307,8,175.029,Llama-3.1-70B-Instruct,131.4,Started successfully,rs-high-perf-bucket,15,rs-cai-mi325x1-pool-4ilnl,2026-03-08 00:22:32.252000,2684354560,success
2026-03-07,mi325_doks,meta-llama/Llama-3.1-70B-Instruct,2026-03-08 00:19:37.791000,models,68.03,1.9,llama_70b_vllm_model_streamer_20260307,8,170.029,Llama-3.1-70B-Instruct,131.4,Started successfully,rs-high-perf-bucket,15,rs-cai-mi325x1-pool-4ilng,2026-03-08 00:22:27.820000,2684354560,success
2026-03-07,mi325_doks,meta-llama/Llama-3.1-70B-Instruct,2026-03-08 00:24:40.112000,models,72.82,1.8,llama_70b_vllm_model_streamer_20260307,8,175.03,Llama-3.1-70B-Instruct,131.4,Started successfully,rs-high-perf-bucket,16,rs-cai-mi325x1-pool-4v7gl,2026-03-08 00:27:35.141000,2684354560,success
2026-03-07,mi325_doks,meta-llama/Llama-3.1-70B-Instruct,2026-03-08 00:24:40.131000,models,70.09,1.9,llama_70b_vllm_model_streamer_20260307,8,175.029,Llama-3.1-70B-Instruct,131.4,Started successfully,rs-high-perf-bucket,16,rs-cai-mi325x1-pool-4v7gt,2026-03-08 00:27:35.160000,2684354560,success
2026-03-07,mi325_doks,meta-llama/Llama-3.1-70B-Instruct,2026-03-08 00:24:40.135000,models,74.06,1.8,llama_70b_vllm_model_streamer_20260307,8,175.029,Llama-3.1-70B-Instruct,131.4,Started successfully,rs-high-perf-bucket,16,rs-cai-mi325x1-pool-4ilng,2026-03-08 00:27:35.164000,2684354560,success
2026-03-07,mi325_doks,meta-llama/Llama-3.1-70B-Instruct,2026-03-08 00:24:40.145000,models,70.68,1.9,llama_70b_vllm_model_streamer_20260307,8,175.031,Llama-3.1-70B-Instruct,131.4,Started successfully,rs-high-perf-bucket,16,rs-cai-mi325x1-pool-4ilnl,2026-03-08 00:27:35.177000,2684354560,success
2026-03-07,mi325_doks,meta-llama/Llama-3.1-70B-Instruct,2026-03-08 00:24:40.156000,models,70.91,1.9,llama_70b_vllm_model_streamer_20260307,8,175.03,Llama-3.1-70B-Instruct,131.4,Started successfully,rs-high-perf-bucket,16,rs-cai-mi325x1-pool-4ilnw,2026-03-08 00:27:35.186000,2684354560,success
2026-03-07,mi325_doks,meta-llama/Llama-3.1-70B-Instruct,2026-03-08 00:24:40.165000,models,73.85,1.8,llama_70b_vllm_model_streamer_20260307,8,175.028,Llama-3.1-70B-Instruct,131.4,Started successfully,rs-high-perf-bucket,16,rs-cai-mi325x1-pool-4ilnb,2026-03-08 00:27:35.194000,2684354560,success
2026-03-07,mi325_doks,meta-llama/Llama-3.1-70B-Instruct,2026-03-08 00:24:40.170000,models,67.1,2.0,llama_70b_vllm_model_streamer_20260307,8,170.028,Llama-3.1-70B-Instruct,131.4,Started successfully,rs-high-perf-bucket,16,rs-cai-mi325x1-pool-4ilna,2026-03-08 00:27:30.198000,2684354560,success
2026-03-07,mi325_doks,meta-llama/Llama-3.1-70B-Instruct,2026-03-08 00:24:40.170000,models,69.24,1.9,llama_70b_vllm_model_streamer_20260307,8,170.028,Llama-3.1-70B-Instruct,131.4,Started successfully,rs-high-perf-bucket,16,rs-cai-mi325x1-pool-4ilnr,2026-03-08 00:27:30.199000,2684354560,success
2026-03-07,mi325_doks,meta-llama/Llama-3.1-70B-Instruct,2026-03-08 00:24:40.195000,models,73.78,1.8,llama_70b_vllm_model_streamer_20260307,8,175.03,Llama-3.1-70B-Instruct,131.4,Started successfully,rs-high-perf-bucket,16,rs-cai-mi325x1-pool-4v7gs,2026-03-08 00:27:35.225000,2684354560,success
2026-03-07,mi325_doks,meta-llama/Llama-3.1-70B-Instruct,2026-03-08 00:24:40.264000,models,71.03,1.9,llama_70b_vllm_model_streamer_20260307,8,175.031,Llama-3.1-70B-Instruct,131.4,Started successfully,rs-high-perf-bucket,16,rs-cai-mi325x1-pool-4ilnt,2026-03-08 00:27:35.296000,2684354560,success
2026-03-07,mi325_doks,meta-llama/Llama-3.1-70B-Instruct,2026-03-08 00:24:40.280000,models,74.05,1.8,llama_70b_vllm_model_streamer_20260307,8,175.031,Llama-3.1-70B-Instruct,131.4,Started successfully,rs-high-perf-bucket,16,rs-cai-mi325x1-pool-4v7gp,2026-03-08 00:27:35.311000,2684354560,success
2026-03-07,mi325_doks,meta-llama/Llama-3.1-70B-Instruct,2026-03-08 00:24:40.292000,models,68.08,1.9,llama_70b_vllm_model_streamer_20260307,8,170.029,Llama-3.1-70B-Instruct,131.4,Started successfully,rs-high-perf-bucket,16,rs-cai-mi325x1-pool-4v7g2,2026-03-08 00:27:30.322000,2684354560,success
2026-03-07,mi325_doks,meta-llama/Llama-3.1-70B-Instruct,2026-03-08 00:24:40.298000,models,72.92,1.8,llama_70b_vllm_model_streamer_20260307,8,175.032,Llama-3.1-70B-Instruct,131.4,Started successfully,rs-high-perf-bucket,16,rs-cai-mi325x1-pool-4ilne,2026-03-08 00:27:35.330000,2684354560,success
2026-03-07,mi325_doks,meta-llama/Llama-3.1-70B-Instruct,2026-03-08 00:24:40.429000,models,70.64,1.9,llama_70b_vllm_model_streamer_20260307,8,175.031,Llama-3.1-70B-Instruct,131.4,Started successfully,rs-high-perf-bucket,16,rs-cai-mi325x1-pool-4v7g6,2026-03-08 00:27:35.460000,2684354560,success
2026-03-07,mi325_doks,meta-llama/Llama-3.1-70B-Instruct,2026-03-08 00:24:40.452000,models,67.45,1.9,llama_70b_vllm_model_streamer_20260307,8,170.03,Llama-3.1-70B-Instruct,131.4,Started successfully,rs-high-perf-bucket,16,rs-cai-mi325x1-pool-4rauj,2026-03-08 00:27:30.482000,2684354560,success
2026-03-07,mi325_doks,meta-llama/Llama-3.1-70B-Instruct,2026-03-08 00:24:40.570000,models,71.1,1.8,llama_70b_vllm_model_streamer_20260307,8,175.031,Llama-3.1-70B-Instruct,131.4,Started successfully,rs-high-perf-bucket,16,rs-cai-mi325x1-pool-4iln6,2026-03-08 00:27:35.601000,2684354560,success
2026-03-07,mi325_doks,meta-llama/Llama-3.1-70B-Instruct,2026-03-08 00:32:43.980000,models,75.63,1.7,llama_70b_vllm_model_streamer_20260307,8,180.035,Llama-3.1-70B-Instruct,131.4,Started successfully,rs-high-perf-bucket,17,rs-cai-mi325x1-pool-4vtta,2026-03-08 00:35:44.015000,2684354560,success
2026-03-07,mi325_doks,meta-llama/Llama-3.1-70B-Instruct,2026-03-08 00:32:44.009000,models,73.41,1.8,llama_70b_vllm_model_streamer_20260307,8,175.03,Llama-3.1-70B-Instruct,131.4,Started successfully,rs-high-perf-bucket,17,rs-cai-mi325x1-pool-4v7gl,2026-03-08 00:35:39.040000,2684354560,success
2026-03-07,mi325_doks,meta-llama/Llama-3.1-70B-Instruct,2026-03-08 00:32:44.009000,models,71.16,1.8,llama_70b_vllm_model_streamer_20260307,8,175.03,Llama-3.1-70B-Instruct,131.4,Started successfully,rs-high-perf-bucket,17,rs-cai-mi325x1-pool-4rauj,2026-03-08 00:35:39.039000,2684354560,success
2026-03-07,mi325_doks,meta-llama/Llama-3.1-70B-Instruct,2026-03-08 00:32:44.013000,models,73.85,1.8,llama_70b_vllm_model_streamer_20260307,8,175.032,Llama-3.1-70B-Instruct,131.4,Started successfully,rs-high-perf-bucket,17,rs-cai-mi325x1-pool-4v7gp,2026-03-08 00:35:39.045000,2684354560,success
2026-03-07,mi325_doks,meta-llama/Llama-3.1-70B-Instruct,2026-03-08 00:32:44.016000,models,72.26,1.8,llama_70b_vllm_model_streamer_20260307,8,175.03,Llama-3.1-70B-Instruct,131.4,Started successfully,rs-high-perf-bucket,17,rs-cai-mi325x1-pool-4vttg,2026-03-08 00:35:39.047000,2684354560,success
2026-03-07,mi325_doks,meta-llama/Llama-3.1-70B-Instruct,2026-03-08 00:32:44.037000,models,69.26,1.9,llama_70b_vllm_model_streamer_20260307,8,175.032,Llama-3.1-70B-Instruct,131.4,Started successfully,rs-high-perf-bucket,17,rs-cai-mi325x1-pool-4vttw,2026-03-08 00:35:39.070000,2684354560,success
2026-03-07,mi325_doks,meta-llama/Llama-3.1-70B-Instruct,2026-03-08 00:32:44.052000,models,68.8,1.9,llama_70b_vllm_model_streamer_20260307,8,170.03,Llama-3.1-70B-Instruct,131.4,Started successfully,rs-high-perf-bucket,17,rs-cai-mi325x1-pool-4ilnb,2026-03-08 00:35:34.083000,2684354560,success
2026-03-07,mi325_doks,meta-llama/Llama-3.1-70B-Instruct,2026-03-08 00:32:44.059000,models,72.05,1.8,llama_70b_vllm_model_streamer_20260307,8,175.03,Llama-3.1-70B-Instruct,131.4,Started successfully,rs-high-perf-bucket,17,rs-cai-mi325x1-pool-4v7gs,2026-03-08 00:35:39.089000,2684354560,success
2026-03-07,mi325_doks,meta-llama/Llama-3.1-70B-Instruct,2026-03-08 00:32:44.153000,models,75.47,1.7,llama_70b_vllm_model_streamer_20260307,8,180.03,Llama-3.1-70B-Instruct,131.4,Started successfully,rs-high-perf-bucket,17,rs-cai-mi325x1-pool-4ilnl,2026-03-08 00:35:44.184000,2684354560,success
2026-03-07,mi325_doks,meta-llama/Llama-3.1-70B-Instruct,2026-03-08 00:32:44.160000,models,71.12,1.8,llama_70b_vllm_model_streamer_20260307,8,175.031,Llama-3.1-70B-Instruct,131.4,Started successfully,rs-high-perf-bucket,17,rs-cai-mi325x1-pool-4ilnr,2026-03-08 00:35:39.192000,2684354560,success
2026-03-07,mi325_doks,meta-llama/Llama-3.1-70B-Instruct,2026-03-08 00:32:44.161000,models,73.66,1.8,llama_70b_vllm_model_streamer_20260307,8,175.033,Llama-3.1-70B-Instruct,131.4,Started successfully,rs-high-perf-bucket,17,rs-cai-mi325x1-pool-4ilnt,2026-03-08 00:35:39.195000,2684354560,success
2026-03-07,mi325_doks,meta-llama/Llama-3.1-70B-Instruct,2026-03-08 00:32:44.164000,models,73.47,1.8,llama_70b_vllm_model_streamer_20260307,8,175.031,Llama-3.1-70B-Instruct,131.4,Started successfully,rs-high-perf-bucket,17,rs-cai-mi325x1-pool-4ilna,2026-03-08 00:35:39.195000,2684354560,success
2026-03-07,mi325_doks,meta-llama/Llama-3.1-70B-Instruct,2026-03-08 00:32:44.173000,models,72.45,1.8,llama_70b_vllm_model_streamer_20260307,8,175.032,Llama-3.1-70B-Instruct,131.4,Started successfully,rs-high-perf-bucket,17,rs-cai-mi325x1-pool-4v7g2,2026-03-08 00:35:39.206000,2684354560,success
2026-03-07,mi325_doks,meta-llama/Llama-3.1-70B-Instruct,2026-03-08 00:32:44.304000,models,75.44,1.7,llama_70b_vllm_model_streamer_20260307,8,180.032,Llama-3.1-70B-Instruct,131.4,Started successfully,rs-high-perf-bucket,17,rs-cai-mi325x1-pool-4vtte,2026-03-08 00:35:44.336000,2684354560,success
2026-03-07,mi325_doks,meta-llama/Llama-3.1-70B-Instruct,2026-03-08 00:32:44.310000,models,72.01,1.8,llama_70b_vllm_model_streamer_20260307,8,175.03,Llama-3.1-70B-Instruct,131.4,Started successfully,rs-high-perf-bucket,17,rs-cai-mi325x1-pool-4v7g6,2026-03-08 00:35:39.341000,2684354560,success
2026-03-07,mi325_doks,meta-llama/Llama-3.1-70B-Instruct,2026-03-08 00:32:44.322000,models,75.72,1.7,llama_70b_vllm_model_streamer_20260307,8,180.032,Llama-3.1-70B-Instruct,131.4,Started successfully,rs-high-perf-bucket,17,rs-cai-mi325x1-pool-4ilng,2026-03-08 00:35:44.354000,2684354560,success
2026-03-07,mi325_doks,meta-llama/Llama-3.1-70B-Instruct,2026-03-08 00:32:44.470000,models,74.34,1.8,llama_70b_vllm_model_streamer_20260307,8,180.034,Llama-3.1-70B-Instruct,131.4,Started successfully,rs-high-perf-bucket,17,rs-cai-mi325x1-pool-4ilne,2026-03-08 00:35:44.504000,2684354560,success
2026-03-07,mi325_doks,meta-llama/Llama-3.1-70B-Instruct,2026-03-08 00:38:06.997000,models,74.49,1.8,llama_70b_vllm_model_streamer_20260307,8,180.029,Llama-3.1-70B-Instruct,131.4,Started successfully,rs-high-perf-bucket,18,rs-cai-mi325x1-pool-4ilna,2026-03-08 00:41:07.027000,2684354560,success
2026-03-07,mi325_doks,meta-llama/Llama-3.1-70B-Instruct,2026-03-08 00:38:07.010000,models,77.46,1.7,llama_70b_vllm_model_streamer_20260307,8,180.031,Llama-3.1-70B-Instruct,131.4,Started successfully,rs-high-perf-bucket,18,rs-cai-mi325x1-pool-4vtta,2026-03-08 00:41:07.042000,2684354560,success
2026-03-07,mi325_doks,meta-llama/Llama-3.1-70B-Instruct,2026-03-08 00:38:07.012000,models,70.6,1.9,llama_70b_vllm_model_streamer_20260307,8,175.031,Llama-3.1-70B-Instruct,131.4,Started successfully,rs-high-perf-bucket,18,rs-cai-mi325x1-pool-4ilnw,2026-03-08 00:41:02.043000,2684354560,success
2026-03-07,mi325_doks,meta-llama/Llama-3.1-70B-Instruct,2026-03-08 00:38:07.017000,models,75.9,1.7,llama_70b_vllm_model_streamer_20260307,8,180.032,Llama-3.1-70B-Instruct,131.4,Started successfully,rs-high-perf-bucket,18,rs-cai-mi325x1-pool-4v7gp,2026-03-08 00:41:07.049000,2684354560,success
2026-03-07,mi325_doks,meta-llama/Llama-3.1-70B-Instruct,2026-03-08 00:38:07.017000,models,76.89,1.7,llama_70b_vllm_model_streamer_20260307,8,180.032,Llama-3.1-70B-Instruct,131.4,Started successfully,rs-high-perf-bucket,18,rs-cai-mi325x1-pool-4ilng,2026-03-08 00:41:07.049000,2684354560,success
2026-03-07,mi325_doks,meta-llama/Llama-3.1-70B-Instruct,2026-03-08 00:38:07.017000,models,77.22,1.7,llama_70b_vllm_model_streamer_20260307,8,180.045,Llama-3.1-70B-Instruct,131.4,Started successfully,rs-high-perf-bucket,18,rs-cai-mi325x1-pool-4ilnt,2026-03-08 00:41:07.061000,2684354560,success
2026-03-07,mi325_doks,meta-llama/Llama-3.1-70B-Instruct,2026-03-08 00:38:07.025000,models,74.39,1.8,llama_70b_vllm_model_streamer_20260307,8,175.031,Llama-3.1-70B-Instruct,131.4,Started successfully,rs-high-perf-bucket,18,rs-cai-mi325x1-pool-4ilnl,2026-03-08 00:41:02.056000,2684354560,success
2026-03-07,mi325_doks,meta-llama/Llama-3.1-70B-Instruct,2026-03-08 00:38:07.033000,models,76.24,1.7,llama_70b_vllm_model_streamer_20260307,8,180.032,Llama-3.1-70B-Instruct,131.4,Started successfully,rs-high-perf-bucket,18,rs-cai-mi325x1-pool-4vttg,2026-03-08 00:41:07.065000,2684354560,success
2026-03-07,mi325_doks,meta-llama/Llama-3.1-70B-Instruct,2026-03-08 00:38:07.034000,models,73.09,1.8,llama_70b_vllm_model_streamer_20260307,8,175.032,Llama-3.1-70B-Instruct,131.4,Started successfully,rs-high-perf-bucket,18,rs-cai-mi325x1-pool-4iln6,2026-03-08 00:41:02.066000,2684354560,success
2026-03-07,mi325_doks,meta-llama/Llama-3.1-70B-Instruct,2026-03-08 00:38:07.045000,models,75.04,1.8,llama_70b_vllm_model_streamer_20260307,8,180.032,Llama-3.1-70B-Instruct,131.4,Started successfully,rs-high-perf-bucket,18,rs-cai-mi325x1-pool-4ilne,2026-03-08 00:41:07.077000,2684354560,success
2026-03-07,mi325_doks,meta-llama/Llama-3.1-70B-Instruct,2026-03-08 00:38:07.052000,models,74.81,1.8,llama_70b_vllm_model_streamer_20260307,8,180.032,Llama-3.1-70B-Instruct,131.4,Started successfully,rs-high-perf-bucket,18,rs-cai-mi325x1-pool-4ilnb,2026-03-08 00:41:07.085000,2684354560,success
2026-03-07,mi325_doks,meta-llama/Llama-3.1-70B-Instruct,2026-03-08 00:38:07.156000,models,77.76,1.7,llama_70b_vllm_model_streamer_20260307,8,180.031,Llama-3.1-70B-Instruct,131.4,Started successfully,rs-high-perf-bucket,18,rs-cai-mi325x1-pool-4rauj,2026-03-08 00:41:07.187000,2684354560,success
2026-03-07,mi325_doks,meta-llama/Llama-3.1-70B-Instruct,2026-03-08 00:38:07.174000,models,76.1,1.7,llama_70b_vllm_model_streamer_20260307,8,180.03,Llama-3.1-70B-Instruct,131.4,Started successfully,rs-high-perf-bucket,18,rs-cai-mi325x1-pool-4ilnr,2026-03-08 00:41:07.205000,2684354560,success
2026-03-07,mi325_doks,meta-llama/Llama-3.1-70B-Instruct,2026-03-08 00:38:07.299000,models,75.64,1.7,llama_70b_vllm_model_streamer_20260307,8,180.041,Llama-3.1-70B-Instruct,131.4,Started successfully,rs-high-perf-bucket,18,rs-cai-mi325x1-pool-4vtte,2026-03-08 00:41:07.340000,2684354560,success
2026-03-07,mi325_doks,meta-llama/Llama-3.1-70B-Instruct,2026-03-08 00:38:07.337000,models,75.49,1.7,llama_70b_vllm_model_streamer_20260307,8,180.032,Llama-3.1-70B-Instruct,131.4,Started successfully,rs-high-perf-bucket,18,rs-cai-mi325x1-pool-4v7gs,2026-03-08 00:41:07.369000,2684354560,success
2026-03-07,mi325_doks,meta-llama/Llama-3.1-70B-Instruct,2026-03-08 00:38:07.443000,models,73.71,1.8,llama_70b_vllm_model_streamer_20260307,8,175.031,Llama-3.1-70B-Instruct,131.4,Started successfully,rs-high-perf-bucket,18,rs-cai-mi325x1-pool-4v7gt,2026-03-08 00:41:02.474000,2684354560,success
2026-03-07,mi325_doks,meta-llama/Llama-3.1-70B-Instruct,2026-03-08 00:38:07.459000,models,75.51,1.7,llama_70b_vllm_model_streamer_20260307,8,180.032,Llama-3.1-70B-Instruct,131.4,Started successfully,rs-high-perf-bucket,18,rs-cai-mi325x1-pool-4v7g2,2026-03-08 00:41:07.492000,2684354560,success
2026-03-07,mi325_doks,meta-llama/Llama-3.1-70B-Instruct,2026-03-08 00:38:07.595000,models,77.25,1.7,llama_70b_vllm_model_streamer_20260307,8,180.034,Llama-3.1-70B-Instruct,131.4,Started successfully,rs-high-perf-bucket,18,rs-cai-mi325x1-pool-4v7g6,2026-03-08 00:41:07.630000,2684354560,success
2026-03-07,mi325_doks,meta-llama/Llama-3.1-70B-Instruct,2026-03-08 00:42:49.375000,models,77.6,1.7,llama_70b_vllm_model_streamer_20260307,8,180.031,Llama-3.1-70B-Instruct,131.4,Started successfully,rs-high-perf-bucket,19,rs-cai-mi325x1-pool-4v7gt,2026-03-08 00:45:49.407000,2684354560,success
2026-03-07,mi325_doks,meta-llama/Llama-3.1-70B-Instruct,2026-03-08 00:42:49.411000,models,74.22,1.8,llama_70b_vllm_model_streamer_20260307,8,175.029,Llama-3.1-70B-Instruct,131.4,Started successfully,rs-high-perf-bucket,19,rs-cai-mi325x1-pool-4ilnr,2026-03-08 00:45:44.441000,2684354560,success
2026-03-07,mi325_doks,meta-llama/Llama-3.1-70B-Instruct,2026-03-08 00:42:49.442000,models,80.33,1.6,llama_70b_vllm_model_streamer_20260307,8,185.032,Llama-3.1-70B-Instruct,131.4,Started successfully,rs-high-perf-bucket,19,rs-cai-mi325x1-pool-4v7g2,2026-03-08 00:45:54.474000,2684354560,success
2026-03-07,mi325_doks,meta-llama/Llama-3.1-70B-Instruct,2026-03-08 00:42:49.458000,models,77.9,1.7,llama_70b_vllm_model_streamer_20260307,8,180.032,Llama-3.1-70B-Instruct,131.4,Started successfully,rs-high-perf-bucket,19,rs-cai-mi325x1-pool-4rauj,2026-03-08 00:45:49.491000,2684354560,success
2026-03-07,mi325_doks,meta-llama/Llama-3.1-70B-Instruct,2026-03-08 00:42:49.467000,models,77.77,1.7,llama_70b_vllm_model_streamer_20260307,8,180.032,Llama-3.1-70B-Instruct,131.4,Started successfully,rs-high-perf-bucket,19,rs-cai-mi325x1-pool-4vtte,2026-03-08 00:45:49.499000,2684354560,success
2026-03-07,mi325_doks,meta-llama/Llama-3.1-70B-Instruct,2026-03-08 00:42:49.564000,models,79.03,1.7,llama_70b_vllm_model_streamer_20260307,8,185.033,Llama-3.1-70B-Instruct,131.4,Started successfully,rs-high-perf-bucket,19,rs-cai-mi325x1-pool-4vttw,2026-03-08 00:45:54.597000,2684354560,success
2026-03-07,mi325_doks,meta-llama/Llama-3.1-70B-Instruct,2026-03-08 00:42:49.575000,models,77.42,1.7,llama_70b_vllm_model_streamer_20260307,8,180.031,Llama-3.1-70B-Instruct,131.4,Started successfully,rs-high-perf-bucket,19,rs-cai-mi325x1-pool-4iln6,2026-03-08 00:45:49.607000,2684354560,success
2026-03-07,mi325_doks,meta-llama/Llama-3.1-70B-Instruct,2026-03-08 00:42:49.625000,models,74.33,1.8,llama_70b_vllm_model_streamer_20260307,8,180.03,Llama-3.1-70B-Instruct,131.4,Started successfully,rs-high-perf-bucket,19,rs-cai-mi325x1-pool-4ilnb,2026-03-08 00:45:49.656000,2684354560,success
2026-03-07,mi325_doks,meta-llama/Llama-3.1-70B-Instruct,2026-03-08 00:42:49.644000,models,77.7,1.7,llama_70b_vllm_model_streamer_20260307,8,180.03,Llama-3.1-70B-Instruct,131.4,Started successfully,rs-high-perf-bucket,19,rs-cai-mi325x1-pool-4v7gs,2026-03-08 00:45:49.674000,2684354560,success
2026-03-07,mi325_doks,meta-llama/Llama-3.1-70B-Instruct,2026-03-08 00:42:49.729000,models,78.07,1.7,llama_70b_vllm_model_streamer_20260307,8,180.03,Llama-3.1-70B-Instruct,131.4,Started successfully,rs-high-perf-bucket,19,rs-cai-mi325x1-pool-4v7g6,2026-03-08 00:45:49.759000,2684354560,success
2026-03-07,mi325_doks,meta-llama/Llama-3.1-70B-Instruct,2026-03-08 00:42:49.731000,models,83.28,1.6,llama_70b_vllm_model_streamer_20260307,8,185.036,Llama-3.1-70B-Instruct,131.4,Started successfully,rs-high-perf-bucket,19,rs-cai-mi325x1-pool-4v7gl,2026-03-08 00:45:54.768000,2684354560,success
2026-03-07,mi325_doks,meta-llama/Llama-3.1-70B-Instruct,2026-03-08 00:42:49.744000,models,75.96,1.7,llama_70b_vllm_model_streamer_20260307,8,180.03,Llama-3.1-70B-Instruct,131.4,Started successfully,rs-high-perf-bucket,19,rs-cai-mi325x1-pool-4vtta,2026-03-08 00:45:49.775000,2684354560,success
2026-03-07,mi325_doks,meta-llama/Llama-3.1-70B-Instruct,2026-03-08 00:42:49.750000,models,74.28,1.8,llama_70b_vllm_model_streamer_20260307,8,175.032,Llama-3.1-70B-Instruct,131.4,Started successfully,rs-high-perf-bucket,19,rs-cai-mi325x1-pool-4ilng,2026-03-08 00:45:44.782000,2684354560,success
2026-03-07,mi325_doks,meta-llama/Llama-3.1-70B-Instruct,2026-03-08 00:42:49.878000,models,78.69,1.7,llama_70b_vllm_model_streamer_20260307,8,180.032,Llama-3.1-70B-Instruct,131.4,Started successfully,rs-high-perf-bucket,19,rs-cai-mi325x1-pool-4ilnl,2026-03-08 00:45:49.910000,2684354560,success
2026-03-07,mi325_doks,meta-llama/Llama-3.1-70B-Instruct,2026-03-08 00:42:50.003000,models,80.86,1.6,llama_70b_vllm_model_streamer_20260307,8,185.033,Llama-3.1-70B-Instruct,131.4,Started successfully,rs-high-perf-bucket,19,rs-cai-mi325x1-pool-4ilnw,2026-03-08 00:45:55.036000,2684354560,success
2026-03-07,mi325_doks,meta-llama/Llama-3.1-70B-Instruct,2026-03-08 00:42:50.909000,models,79.86,1.6,llama_70b_vllm_model_streamer_20260307,8,185.034,Llama-3.1-70B-Instruct,131.4,Started successfully,rs-high-perf-bucket,19,rs-cai-mi325x1-pool-4v7gp,2026-03-08 00:45:55.943000,2684354560,success
2026-03-07,mi325_doks,meta-llama/Llama-3.1-70B-Instruct,2026-03-08 00:42:50.926000,models,78.11,1.7,llama_70b_vllm_model_streamer_20260307,8,180.031,Llama-3.1-70B-Instruct,131.4,Started successfully,rs-high-perf-bucket,19,rs-cai-mi325x1-pool-4ilne,2026-03-08 00:45:50.957000,2684354560,success
2026-03-07,mi325_doks,meta-llama/Llama-3.1-70B-Instruct,2026-03-08 00:42:51.225000,models,81.14,1.6,llama_70b_vllm_model_streamer_20260307,8,185.032,Llama-3.1-70B-Instruct,131.4,Started successfully,rs-high-perf-bucket,19,rs-cai-mi325x1-pool-4ilnt,2026-03-08 00:45:56.258000,2684354560,success
2026-03-07,mi325_doks,meta-llama/Llama-3.1-70B-Instruct,2026-03-08 00:42:51.483000,models,78.55,1.7,llama_70b_vllm_model_streamer_20260307,8,180.031,Llama-3.1-70B-Instruct,131.4,Started successfully,rs-high-perf-bucket,19,rs-cai-mi325x1-pool-4ilna,2026-03-08 00:45:51.514000,2684354560,success
2026-03-07,mi325_doks,meta-llama/Llama-3.1-70B-Instruct,2026-03-08 00:48:31.623000,models,78.88,1.7,llama_70b_vllm_model_streamer_20260307,8,180.031,Llama-3.1-70B-Instruct,131.4,Started successfully,rs-high-perf-bucket,20,rs-cai-mi325x1-pool-4ilnr,2026-03-08 00:51:31.654000,2684354560,success
2026-03-07,mi325_doks,meta-llama/Llama-3.1-70B-Instruct,2026-03-08 00:48:31.627000,models,82.68,1.6,llama_70b_vllm_model_streamer_20260307,8,185.032,Llama-3.1-70B-Instruct,131.4,Started successfully,rs-high-perf-bucket,20,rs-cai-mi325x1-pool-4v7g6,2026-03-08 00:51:36.659000,2684354560,success
2026-03-07,mi325_doks,meta-llama/Llama-3.1-70B-Instruct,2026-03-08 00:48:31.631000,models,81.06,1.6,llama_70b_vllm_model_streamer_20260307,8,185.033,Llama-3.1-70B-Instruct,131.4,Started successfully,rs-high-perf-bucket,20,rs-cai-mi325x1-pool-4vttw,2026-03-08 00:51:36.664000,2684354560,success
2026-03-07,mi325_doks,meta-llama/Llama-3.1-70B-Instruct,2026-03-08 00:48:31.640000,models,81.84,1.6,llama_70b_vllm_model_streamer_20260307,8,185.033,Llama-3.1-70B-Instruct,131.4,Started successfully,rs-high-perf-bucket,20,rs-cai-mi325x1-pool-4ilnw,2026-03-08 00:51:36.674000,2684354560,success
2026-03-07,mi325_doks,meta-llama/Llama-3.1-70B-Instruct,2026-03-08 00:48:31.645000,models,76.84,1.7,llama_70b_vllm_model_streamer_20260307,8,180.032,Llama-3.1-70B-Instruct,131.4,Started successfully,rs-high-perf-bucket,20,rs-cai-mi325x1-pool-4vtte,2026-03-08 00:51:31.677000,2684354560,success
2026-03-07,mi325_doks,meta-llama/Llama-3.1-70B-Instruct,2026-03-08 00:48:31.657000,models,78.4,1.7,llama_70b_vllm_model_streamer_20260307,8,180.031,Llama-3.1-70B-Instruct,131.4,Started successfully,rs-high-perf-bucket,20,rs-cai-mi325x1-pool-4vttg,2026-03-08 00:51:31.688000,2684354560,success
2026-03-07,mi325_doks,meta-llama/Llama-3.1-70B-Instruct,2026-03-08 00:48:31.657000,models,81.69,1.6,llama_70b_vllm_model_streamer_20260307,8,185.033,Llama-3.1-70B-Instruct,131.4,Started successfully,rs-high-perf-bucket,20,rs-cai-mi325x1-pool-4v7gl,2026-03-08 00:51:36.690000,2684354560,success
2026-03-07,mi325_doks,meta-llama/Llama-3.1-70B-Instruct,2026-03-08 00:48:31.660000,models,81.23,1.6,llama_70b_vllm_model_streamer_20260307,8,185.033,Llama-3.1-70B-Instruct,131.4,Started successfully,rs-high-perf-bucket,20,rs-cai-mi325x1-pool-4v7gt,2026-03-08 00:51:36.693000,2684354560,success
2026-03-07,mi325_doks,meta-llama/Llama-3.1-70B-Instruct,2026-03-08 00:48:31.664000,models,75.66,1.7,llama_70b_vllm_model_streamer_20260307,8,180.032,Llama-3.1-70B-Instruct,131.4,Started successfully,rs-high-perf-bucket,20,rs-cai-mi325x1-pool-4iln6,2026-03-08 00:51:31.696000,2684354560,success
2026-03-07,mi325_doks,meta-llama/Llama-3.1-70B-Instruct,2026-03-08 00:48:31.668000,models,81.16,1.6,llama_70b_vllm_model_streamer_20260307,8,185.032,Llama-3.1-70B-Instruct,131.4,Started successfully,rs-high-perf-bucket,20,rs-cai-mi325x1-pool-4v7gs,2026-03-08 00:51:36.700000,2684354560,success
2026-03-07,mi325_doks,meta-llama/Llama-3.1-70B-Instruct,2026-03-08 00:48:31.781000,models,82.25,1.6,llama_70b_vllm_model_streamer_20260307,8,185.033,Llama-3.1-70B-Instruct,131.4,Started successfully,rs-high-perf-bucket,20,rs-cai-mi325x1-pool-4v7gp,2026-03-08 00:51:36.814000,2684354560,success
2026-03-07,mi325_doks,meta-llama/Llama-3.1-70B-Instruct,2026-03-08 00:48:31.809000,models,78.39,1.7,llama_70b_vllm_model_streamer_20260307,8,180.03,Llama-3.1-70B-Instruct,131.4,Started successfully,rs-high-perf-bucket,20,rs-cai-mi325x1-pool-4ilng,2026-03-08 00:51:31.839000,2684354560,success
2026-03-07,mi325_doks,meta-llama/Llama-3.1-70B-Instruct,2026-03-08 00:48:31.891000,models,82.6,1.6,llama_70b_vllm_model_streamer_20260307,8,185.032,Llama-3.1-70B-Instruct,131.4,Started successfully,rs-high-perf-bucket,20,rs-cai-mi325x1-pool-4rauj,2026-03-08 00:51:36.924000,2684354560,success
2026-03-07,mi325_doks,meta-llama/Llama-3.1-70B-Instruct,2026-03-08 00:48:31.894000,models,76.71,1.7,llama_70b_vllm_model_streamer_20260307,8,180.03,Llama-3.1-70B-Instruct,131.4,Started successfully,rs-high-perf-bucket,20,rs-cai-mi325x1-pool-4vtta,2026-03-08 00:51:31.925000,2684354560,success
2026-03-07,mi325_doks,meta-llama/Llama-3.1-70B-Instruct,2026-03-08 00:48:31.934000,models,81.15,1.6,llama_70b_vllm_model_streamer_20260307,8,185.032,Llama-3.1-70B-Instruct,131.4,Started successfully,rs-high-perf-bucket,20,rs-cai-mi325x1-pool-4ilnl,2026-03-08 00:51:36.966000,2684354560,success
2026-03-07,mi325_doks,meta-llama/Llama-3.1-70B-Instruct,2026-03-08 00:48:31.934000,models,80.72,1.6,llama_70b_vllm_model_streamer_20260307,8,185.038,Llama-3.1-70B-Instruct,131.4,Started successfully,rs-high-perf-bucket,20,rs-cai-mi325x1-pool-4v7g2,2026-03-08 00:51:36.972000,2684354560,success
2026-03-07,mi325_doks,meta-llama/Llama-3.1-70B-Instruct,2026-03-08 00:48:31.943000,models,79.7,1.6,llama_70b_vllm_model_streamer_20260307,8,185.031,Llama-3.1-70B-Instruct,131.4,Started successfully,rs-high-perf-bucket,20,rs-cai-mi325x1-pool-4ilna,2026-03-08 00:51:36.974000,2684354560,success
2026-03-07,mi325_doks,meta-llama/Llama-3.1-70B-Instruct,2026-03-08 00:48:32.090000,models,79.93,1.6,llama_70b_vllm_model_streamer_20260307,8,185.034,Llama-3.1-70B-Instruct,131.4,Started successfully,rs-high-perf-bucket,20,rs-cai-mi325x1-pool-4ilne,2026-03-08 00:51:37.124000,2684354560,success
2026-03-07,mi325_doks,meta-llama/Llama-3.1-70B-Instruct,2026-03-08 00:48:32.764000,models,77.71,1.7,llama_70b_vllm_model_streamer_20260307,8,180.031,Llama-3.1-70B-Instruct,131.4,Started successfully,rs-high-perf-bucket,20,rs-cai-mi325x1-pool-4ilnt,2026-03-08 00:51:32.796000,2684354560,success
2026-03-07,mi325_doks,meta-llama/Llama-3.1-70B-Instruct,2026-03-08 00:48:33.088000,models,78.38,1.7,llama_70b_vllm_model_streamer_20260307,8,180.031,Llama-3.1-70B-Instruct,131.4,Started successfully,rs-high-perf-bucket,20,rs-cai-mi325x1-pool-4ilnb,2026-03-08 00:51:33.119000,2684354560,success
